-- Заполнение БД тестовыми данными для TunVik

-- Клиенты (30 записей)
INSERT INTO clients (name, phone, email) VALUES
('Иванов Александр Петрович', '+7 (915) 234-56-78', 'ivanov@mail.ru'),
('Петров Сергей Михайлович', '+7 (916) 345-67-89', 'petrov@mail.ru'),
('Сидорова Марина Игоревна', '+7 (917) 456-78-90', 'sidorova@mail.ru'),
('Козлов Владимир Николаевич', '+7 (918) 567-89-01', 'kozlov@mail.ru'),
('Новиков Дмитрий Андреевич', '+7 (919) 678-90-12', 'novikov@mail.ru'),
('Морозов Игорь Сергеевич', '+7 (920) 789-01-23', 'morozov@mail.ru'),
('Соколова Анна Владимировна', '+7 (921) 890-12-34', 'sokolova@mail.ru'),
('Волков Максим Юрьевич', '+7 (922) 901-23-45', 'volkov@mail.ru'),
('Лебедев Артем Викторович', '+7 (923) 012-34-56', 'lebedev@mail.ru'),
('Егоров Павел Дмитриевич', '+7 (924) 123-45-67', 'egorov@mail.ru'),
('Васильев Олег Константинович', '+7 (925) 234-56-78', 'vasiliev@mail.ru'),
('Федоров Роман Александрович', '+7 (926) 345-67-89', 'fedorov@mail.ru'),
('Михайлов Кирилл Игоревич', '+7 (927) 456-78-90', 'mihailov@mail.ru'),
('Семенов Андрей Петрович', '+7 (928) 567-89-01', 'semenov@mail.ru'),
('Зайцев Денис Владимирович', '+7 (929) 678-90-12', 'zaitsev@mail.ru'),
('Борисов Николай Сергеевич', '+7 (930) 789-01-23', 'borisov@mail.ru'),
('Григорьев Виктор Михайлович', '+7 (931) 890-12-34', 'grigoriev@mail.ru'),
('Романов Евгений Юрьевич', '+7 (932) 901-23-45', 'romanov@mail.ru'),
('Воробьев Степан Андреевич', '+7 (933) 012-34-56', 'vorobiev@mail.ru'),
('Сергеев Алексей Дмитриевич', '+7 (934) 123-45-67', 'sergeev@mail.ru'),
('Павлова Екатерина Ивановна', '+7 (935) 234-56-78', 'pavlova@mail.ru'),
('Крылов Илья Константинович', '+7 (936) 345-67-89', 'krylov@mail.ru'),
('Антонов Тимур Романович', '+7 (937) 456-78-90', 'antonov@mail.ru'),
('Тимофеев Руслан Викторович', '+7 (938) 567-89-01', 'timofeev@mail.ru'),
('Никитин Вадим Олегович', '+7 (939) 678-90-12', 'nikitin@mail.ru'),
('Соловьев Артур Павлович', '+7 (940) 789-01-23', 'soloviev@mail.ru'),
('Белов Георгий Андреевич', '+7 (941) 890-12-34', 'belov@mail.ru'),
('Орлов Матвей Сергеевич', '+7 (942) 901-23-45', 'orlov@mail.ru'),
('Киселев Владислав Дмитриевич', '+7 (943) 012-34-56', 'kiselev@mail.ru'),
('Макаров Даниил Игоревич', '+7 (944) 123-45-67', 'makarov@mail.ru');

-- Услуги (15 записей)
INSERT INTO services (name, description, price, duration, is_popular) VALUES
('Чип-тюнинг Stage 1', 'Программная оптимизация ЭБУ, прирост мощности до 30%', 35000, '2-3 дня', TRUE),
('Чип-тюнинг Stage 2', 'Продвинутая калибровка с доп. модификациями, +40% мощности', 65000, '4-5 дней', TRUE),
('Установка выхлопной системы', 'Полная замена выхлопа на спортивный', 85000, '1 день', TRUE),
('Тонировка стекол', 'Профессиональная тонировка по ГОСТ', 12000, '3-4 часа', FALSE),
('Полировка кузова', 'Абразивная полировка + защитное покрытие', 18000, '1 день', FALSE),
('Установка турбокита', 'Монтаж турбины с настройкой', 250000, '1-2 недели', TRUE),
('Замена тормозной системы', 'Установка спортивных тормозов Brembo/AP Racing', 120000, '2-3 дня', FALSE),
('Доработка подвески', 'Установка койловеров + настройка геометрии', 95000, '3-4 дня', FALSE),
('Аэрография', 'Художественная роспись кузова', 45000, '5-7 дней', FALSE),
('Шумоизоляция салона', 'Комплексная виброизоляция', 35000, '2-3 дня', FALSE),
('Перетяжка салона', 'Замена обшивки на кожу/алькантару', 150000, '1 неделя', FALSE),
('Установка спортивных сидений', 'Монтаж ковшей Recaro/Sparco', 75000, '1 день', FALSE),
('Ремап коробки передач', 'Оптимизация работы АКПП', 25000, '1-2 дня', FALSE),
('Детейлинг', 'Комплексная химчистка + полировка', 28000, '1 день', TRUE),
('Керамическое покрытие', 'Нанесение защитной керамики', 55000, '2 дня', FALSE);

-- Автомобили (35 записей)
INSERT INTO cars (brand, model, year, vin, license_plate, client_id) VALUES
('BMW', 'M3 Competition', 2022, 'WBS8M9C09NCJ12345', 'А123ВС777', 1),
('Mercedes-Benz', 'C63 AMG', 2021, 'WDD2050091F123456', 'В456ОР199', 2),
('Audi', 'RS6 Avant', 2023, 'WAUZZZ4G5EN123457', 'С789МК750', 3),
('Porsche', '911 Turbo S', 2022, 'WP0ZZZ99ZTS123458', 'Е012НР178', 4),
('BMW', 'M5 CS', 2021, 'WBSJF0C00GCJ23459', 'К345УТ197', 5),
('Mercedes-Benz', 'E63 S AMG', 2020, 'WDD2130041A234560', 'М678РС799', 6),
('Audi', 'RS4 Avant', 2022, 'WAUZZZ8K8DA234561', 'Н901ВА777', 7),
('Volkswagen', 'Golf R', 2023, 'WVWZZZ1KZEW234562', 'О234СТ799', 8),
('Subaru', 'WRX STI', 2021, 'JF1VA2L68M9234563', 'Р567ЕК178', 9),
('Nissan', 'GT-R', 2020, 'JN1AR5EF5LM234564', 'Т890МО197', 10),
('BMW', 'M4 Competition', 2023, 'WBS4Z9C02PEJ34565', 'У123АН750', 11),
('Mercedes-Benz', 'A45 S AMG', 2022, 'WDD1770451N234566', 'Ф456КС777', 12),
('Audi', 'S3 Sedan', 2021, 'WAUZZZ8V0LA234567', 'Х789ВМ799', 13),
('Porsche', 'Cayman GT4', 2022, 'WP0ZZZ98ZNS234568', 'Ц012ОР178', 14),
('Ford', 'Mustang GT', 2023, '1FA6P8CF0L5234569', 'Ч345НТ197', 15),
('Chevrolet', 'Camaro SS', 2021, '1G1FH1R76M0234570', 'Ш678УК750', 16),
('BMW', 'X5 M Competition', 2022, '5YM4L8C04NMJ34571', 'Щ901ЕВ777', 17),
('Mercedes-Benz', 'GLE 63 S AMG', 2023, '4JGFB4KB3PA234572', 'Э234АР799', 18),
('Audi', 'RS Q8', 2021, 'WA1VVBF77MD234573', 'Ю567СМ178', 19),
('Porsche', 'Cayenne Turbo', 2022, 'WP1AE2A29MLA34574', 'Я890КУ197', 20),
('BMW', 'M2 Competition', 2021, 'WBS1M9C05HZJ34575', 'А123ТВ750', 21),
('Audi', 'TT RS', 2023, 'TRUZZZFV8N1234576', 'В456ЕН777', 22),
('Mercedes-Benz', 'CLA 45 S AMG', 2022, 'WDD1173481N234577', 'С789ОС799', 23),
('Volkswagen', 'Arteon R', 2021, '3VW5T7BU6MM234578', 'Е012МР178', 24),
('BMW', 'X3 M Competition', 2023, '5YM33DP08PMJ34579', 'К345СТ197', 25),
('Audi', 'S5 Sportback', 2022, 'WAUL2AF59KA234580', 'М678НК750', 26),
('Mercedes-Benz', 'GLA 35 AMG', 2021, 'WDC1569561J234581', 'Н901УВ777', 27),
('Porsche', 'Macan GTS', 2023, 'WP1AA2A59MLA34582', 'О234ЕР799', 28),
('BMW', '840i Gran Coupe', 2022, 'WBA8B0C06KGJ34583', 'Р567АТ178', 29),
('Audi', 'RS7 Sportback', 2021, 'WAUXZAF25KN234584', 'Т890СК197', 30),
('BMW', 'M3 CS', 2023, 'WBS8M9C06PCJ45678', 'А111ВС777', 1),
('Mercedes-Benz', 'C43 AMG', 2022, 'WDD2050011F234589', 'В222ОР199', 2),
('Audi', 'RS3 Sedan', 2023, 'WAUZZZ8V5PA234590', 'С333МК750', 3),
('Porsche', '911 Carrera S', 2021, 'WP0AA2A92MS234591', 'Е444НР178', 4),
('BMW', 'M850i xDrive', 2022, 'WBABC2C08NCJ34592', 'К555УТ197', 5);

-- Заказы (25 записей)
INSERT INTO orders (client_id, car_id, status, total_amount, notes, created_at, completed_at) VALUES
(1, 1, 'Завершен', 125000, 'Чип-тюнинг + детейлинг', '2024-11-15 10:00:00', '2024-11-18 16:00:00'),
(2, 2, 'Завершен', 89000, 'Установка выхлопной системы', '2024-11-20 09:00:00', '2024-11-21 17:00:00'),
(3, 3, 'В работе', 156000, 'Чип Stage 2 + тормоза', '2024-12-05 11:00:00', NULL),
(4, 4, 'В работе', 210000, 'Турбокит + доработка подвески', '2024-12-08 10:30:00', NULL),
(5, 5, 'Ожидание', 35000, 'Чип-тюнинг Stage 1', '2024-12-10 14:00:00', NULL),
(6, 6, 'Завершен', 75000, 'Выхлопная система + детейлинг', '2024-11-25 10:00:00', '2024-11-27 15:00:00'),
(7, 7, 'В работе', 95000, 'Койловеры + геометрия', '2024-12-09 09:00:00', NULL),
(8, 8, 'Ожидание', 47000, 'Чип Stage 1 + тонировка', '2024-12-11 13:00:00', NULL),
(9, 9, 'Завершен', 120000, 'Турбокит', '2024-10-15 10:00:00', '2024-10-28 16:00:00'),
(10, 10, 'Завершен', 65000, 'Чип Stage 2', '2024-11-01 11:00:00', '2024-11-05 14:00:00'),
(11, 11, 'В работе', 180000, 'Перетяжка салона + спортивные сидения', '2024-12-07 10:00:00', NULL),
(12, 12, 'Ожидание', 28000, 'Детейлинг', '2024-12-11 15:00:00', NULL),
(13, 13, 'Завершен', 60000, 'Чип Stage 1 + ремап АКПП', '2024-11-18 09:00:00', '2024-11-21 16:00:00'),
(14, 14, 'В работе', 85000, 'Выхлопная система', '2024-12-06 11:00:00', NULL),
(15, 15, 'Завершен', 35000, 'Чип-тюнинг Stage 1', '2024-11-28 10:00:00', '2024-11-30 15:00:00'),
(16, 16, 'Ожидание', 45000, 'Аэрография', '2024-12-10 12:00:00', NULL),
(17, 17, 'В работе', 120000, 'Тормозная система Brembo', '2024-12-08 09:30:00', NULL),
(18, 18, 'Завершен', 110000, 'Керамика + детейлинг', '2024-11-22 10:00:00', '2024-11-25 17:00:00'),
(19, 19, 'Ожидание', 65000, 'Чип Stage 2', '2024-12-11 11:00:00', NULL),
(20, 20, 'Завершен', 95000, 'Койловеры', '2024-11-10 10:00:00', '2024-11-14 16:00:00'),
(21, 21, 'В работе', 35000, 'Чип-тюнинг Stage 1', '2024-12-09 14:00:00', NULL),
(22, 22, 'Завершен', 40000, 'Детейлинг + тонировка', '2024-11-26 09:00:00', '2024-11-27 16:00:00'),
(23, 23, 'Ожидание', 85000, 'Выхлопная система', '2024-12-11 10:00:00', NULL),
(24, 24, 'В работе', 53000, 'Шумоизоляция + детейлинг', '2024-12-07 11:00:00', NULL),
(25, 25, 'Завершен', 120000, 'Тормоза + выхлоп', '2024-11-12 10:00:00', '2024-11-16 17:00:00');

-- Связь заказов и услуг (примеры для первых 10 заказов)
INSERT INTO order_services (order_id, service_id, quantity, price) VALUES
(1, 1, 1, 35000),
(1, 14, 1, 28000),
(2, 3, 1, 85000),
(3, 2, 1, 65000),
(3, 7, 1, 120000),
(4, 6, 1, 250000),
(4, 8, 1, 95000),
(5, 1, 1, 35000),
(6, 3, 1, 85000),
(6, 14, 1, 28000),
(7, 8, 1, 95000),
(8, 1, 1, 35000),
(8, 4, 1, 12000),
(9, 6, 1, 250000),
(10, 2, 1, 65000);
